massif_num,nom,nom_reduit,superficie,perimetre,geometry
1,Chablais,Chablais,1385.31637572,170.748079117,"POLYGON ((999869.6052105778 6556953.255833673, 999013.5225506027 6555825.454307561, 997884.1085834012 6554522.411124553, 997037.6849605573 6552335.945454662, 995995.4237565345 6549817.79954641, 995628.8117882668 6547079.766854419, 994967.2218316644 6545053.611054352, 993040.2907654548 6544672.07280451, 990634.0512023743 6544841.717812805, 988854.8623985157 6544103.394332885, 987322.9878394016 6541965.875994733, 986035.6501853191 6540847.850939293, 984021.7471592376 6541679.297769675, 982435.4320882352 6543690.098910202, 981240.6082181942 6546364.284379442, 980745.090468975 6549162.79609821, 979573.6369189075 6552181.795639146, 978673.7067083962 6554145.577639739, 976925.6098342817 6556341.034154545, 975657.1626062869 6557984.863633889, 975411.2690465101 6558152.277552875, 973676.4128091916 6559332.717620476, 971855.4689562089 6560496.630200678, 969998.4220925359 6561143.415131271, 967820.9983687256 6562158.279171887, 965447.3594104821 6562841.386247855, 963453.195973341 6564015.418458412, 961263.0550870039 6564858.140861418, 959428.6878274941 6565848.629739389, 957605.9568489596 6567011.44095059, 956874.7313173448 6568964.009893083, 955947.6154302098 6570584.042588487, 956100.6861992473 6572821.97587035, 956241.9968415593 6574888.569374072, 957405.1379687081 6576712.577375058, 959406.261330182 6578132.86490193, 961764.110012729 6579701.929615912, 964490.7741223425 6581591.180476011, 966516.8521186698 6583355.540055957, 967842.1697456759 6584995.524968126, 969684.8128199996 6586599.865481054, 972140.5775166717 6589546.424561531, 974400.8862078245 6592160.840445876, 976405.4370214057 6593580.520465431, 978201.6835609825 6594494.313824401, 980343.040932489 6595383.910477079, 981128.3952647735 6595636.254725874, 985166.6581898049 6596085.401979738, 987312.5462426848 6595934.734415896, 987346.668458088 6595932.330985079, 988603.7608464882 6595561.382433382, 992493.3243197151 6594728.399802716, 992580.287796027 6593228.836773678, 992379.5514898708 6593130.745474439, 991371.0222635635 6592040.325550522, 990368.4333572182 6591649.343281724, 990159.0502075644 6590552.007326819, 990551.7618670485 6589749.291412984, 991539.6491465603 6588441.823425935, 992426.7341026156 6587035.285435425, 994814.2356526728 6585815.645623047, 996094.8871634107 6583706.330299726, 997096.6063384673 6583997.370620377, 997783.8117873346 6582592.564868767, 997057.675992568 6579501.434148569, 995853.4947875747 6578912.320589205, 994533.9270297152 6576525.815746421, 993708.7322471654 6573535.382194851, 993890.4399427467 6571435.601194124, 992666.3788840158 6568548.572684382, 993250.3032333495 6566745.028121726, 994742.0513248458 6565932.812636343, 996842.6864154618 6566214.336343035, 997336.1866243653 6565510.702537335, 1001132.644331617 6565477.825008777, 1000305.712869864 6562287.668294378, 1001092.838233152 6560882.019188466, 999363.2787847656 6557300.041619779, 999998.081140601 6557069.817861273, 999869.6052105778 6556953.255833673))"
2,Aravis,Aravis,1073.66001809,129.974582393,"POLYGON ((976925.6098342924 6556341.034154546, 978673.7067083956 6554145.577639742, 979573.6369189096 6552181.795639155, 980745.0904689853 6549162.79609821, 981240.6082181939 6546364.284379444, 982435.4320882424 6543690.0989102, 984021.7471592342 6541679.297769678, 983250.1511388728 6540524.370211666, 982430.651733563 6538682.462230295, 981059.8890101626 6536361.602831533, 979198.1580050458 6534419.841732837, 977360.8714417538 6532822.010859452, 974896.5511687729 6532130.332521453, 972888.0708882703 6530544.060047768, 971187.8911120121 6528418.754899147, 970518.3587961842 6526222.354695383, 969689.1481397825 6524209.410981796, 968392.5571506019 6522919.026916914, 966492.4020837577 6522878.122257219, 965711.1652913693 6521551.815119898, 963989.2715604086 6519083.484452839, 962818.0213079529 6517094.645341193, 962161.863473161 6515070.779752915, 961162.8218816235 6513070.991323611, 960405.9321816509 6512088.666853154, 958737.275150391 6512892.435781896, 957138.6866978948 6514725.215317158, 955894.63377421 6516706.681066911, 953963.7878483676 6518734.955264173, 953234.1300468304 6520681.405238078, 951142.4035002834 6522893.342427827, 949576.9585088375 6525241.388333262, 948572.8117528824 6528242.551487921, 947533.5315283441 6530728.5640571, 946630.788985991 6532687.729288424, 946038.8894301377 6534603.524038553, 945922.8310933523 6534979.152824488, 945386.6369418484 6537259.720688201, 945572.6075189977 6540009.353103803, 945747.0648831447 6542587.249997554, 946414.0384419379 6544786.904776487, 947253.1726607693 6546975.815641827, 948550.1145106253 6548269.421531709, 950202.8871756151 6549712.2797999, 952016.2795376966 6550970.625148913, 954564.8347476596 6552870.696718456, 957227.2093031425 6553898.597764922, 960073.6549590374 6555085.649724343, 962736.6548563149 6556113.101938954, 965548.3328737989 6556783.563053744, 968484.751545437 6556753.980339012, 970756.7925870747 6557114.79476208, 973224.7861513054 6557807.942641055, 975411.2690465186 6558152.277552878, 975657.1626062947 6557984.863633895, 976925.6098342924 6556341.034154546))"
3,Mont-Blanc,Mont-Blanc,585.532681558,125.64264037,"POLYGON ((995389.5671130677 6528045.104223337, 994136.3354298251 6527333.380286957, 992906.6113668889 6526088.259667763, 990919.8753049641 6524896.49724588, 990566.0819226281 6523570.532604379, 988391.9998188234 6524123.101180283, 987133.1633366542 6525162.39412105, 985332.5703401736 6526620.68857266, 984289.1907271132 6528025.914715372, 982056.2739950675 6528753.038052279, 979444.4892211654 6529506.062002441, 977184.7814725171 6529853.729456817, 974924.929938937 6530201.355189907, 972888.0708882594 6530544.060047765, 974896.5511687725 6532130.332521452, 977360.8714417444 6532822.010859452, 979198.1580050392 6534419.841732834, 981059.889010164 6536361.602831533, 982430.6517335465 6538682.462230295, 983250.1511388686 6540524.370211666, 984021.7471592376 6541679.297769675, 986035.6501853191 6540847.850939293, 987322.9878394016 6541965.875994733, 988854.8623985157 6544103.394332885, 990634.0512023743 6544841.717812805, 993040.2907654548 6544672.07280451, 994967.2218316644 6545053.611054352, 995628.8117882668 6547079.766854419, 995995.4237565345 6549817.79954641, 997037.6849605573 6552335.945454662, 997884.1085834012 6554522.411124553, 999013.5225506027 6555825.454307561, 999869.6052105778 6556953.255833673, 1000049.698501053 6557051.097719289, 1001056.495313155 6556685.962293366, 1002867.816297912 6558168.926389194, 1003215.727618054 6558917.074799636, 1003605.725125708 6559204.327954154, 1004573.264828665 6558953.564007298, 1006740.924736449 6555437.657651539, 1008229.073316011 6554225.818449887, 1008614.951944567 6552623.885047863, 1010309.887844732 6552209.432911742, 1011487.087104769 6549701.409108644, 1010684.390955354 6549308.721312406, 1011171.814810115 6547905.678575602, 1012863.280213878 6547091.724237118, 1013434.175493522 6543789.561748042, 1010613.379714551 6541116.33281798, 1009884.529642126 6537725.62684559, 1006576.444406205 6536455.427891538, 1006063.915943115 6534961.125524456, 1002063.357029367 6534496.200025681, 1001368.27717913 6535001.80071873, 1001066.865987522 6534804.532733121, 1000548.288889818 6532610.938831521, 998465.0068309288 6534327.482416088, 996359.1185874385 6533446.492380599, 995638.2073730452 6530954.947759358, 996233.356437902 6530450.216672323, 995699.9778229755 6528206.539443678, 995389.5671130677 6528045.104223337))"
4,Bauges,Bauges,872.270863391,122.259312012,"POLYGON ((946630.7889859841 6532687.729288421, 947533.5315283363 6530728.5640571, 948572.8117528828 6528242.551487916, 949576.9585088312 6525241.388333262, 951142.4035002833 6522893.342427827, 953234.1300468233 6520681.405238071, 953963.787848366 6518734.955264167, 955894.6337741934 6516706.681066911, 957138.6866978892 6514725.215317157, 958737.2751503862 6512892.43578189, 960405.9321816482 6512088.666853154, 959585.9193084156 6509773.689367574, 957771.9107858506 6507928.841175403, 955939.2703770878 6505803.950724394, 953827.0430460535 6503697.387286293, 951435.5950111492 6501610.697485305, 949381.4941394331 6500344.638969052, 946711.2205640725 6498276.177394667, 944340.2309181389 6496468.391921096, 942212.0070878163 6494082.237978435, 940364.0504343045 6491677.696163404, 937715.1241145816 6489888.927909911, 934227.5417829123 6488155.489928402, 933314.2137436866 6491307.158052193, 931262.6949934615 6494253.708923035, 929732.8406275715 6496603.926453753, 927642.7964550828 6498991.796876986, 925570.746738187 6501659.495564832, 925373.6939808562 6503644.215620404, 925233.5829973629 6505056.215931569, 926296.4902692266 6508360.617570293, 927341.4120227256 6511385.213877494, 929227.0697016972 6514354.871620095, 931673.8050134011 6517286.984393286, 933579.7872209359 6520537.409940423, 935187.4517247167 6523526.505454301, 936515.3783774062 6526534.949414489, 937824.8749838625 6529262.793236816, 938611.7202408137 6532590.371302423, 940930.8884561202 6533561.324975435, 943530.6952639614 6534512.538479284, 945922.8310933411 6534979.152824484, 946630.7889859841 6532687.729288421))"
5,Beaufortin,Beaufortin,755.453225902,116.226855598,"POLYGON ((990566.0819226281 6523570.532604379, 990407.8929789732 6523029.948595051, 989842.9442990262 6520406.509058186, 989629.9696576165 6517378.186147609, 990293.8048550552 6516000.698542173, 992119.3493218007 6514921.445344036, 993755.5701523501 6513855.278224355, 994959.7159520885 6512059.20436107, 994583.5565103075 6509424.406675101, 993464.4268489028 6507032.33303929, 992372.1666821418 6505019.244284465, 991482.7253451464 6503181.79474351, 989877.0220536602 6501964.262399892, 987568.3732773177 6501556.520005477, 985031.0380927966 6500594.547395549, 983289.8982418621 6500146.050940362, 980928.8770973263 6498981.477018688, 979298.0402845072 6497385.298167796, 978423.6606506007 6495736.817211737, 977347.2621827833 6493912.712422139, 977163.3571718178 6491267.215848829, 975586.0901189828 6490427.262447366, 974583.3573773492 6492395.477993544, 972837.3633106954 6494604.805507087, 971104.1247239404 6497004.243497044, 969774.5321618244 6499755.077625331, 969200.8572790211 6502454.358199709, 968261.8094442727 6505368.820169385, 967472.5835859391 6507704.310507152, 966304.6583142555 6510065.431564337, 965299.6750317361 6512035.616280825, 963244.2126189139 6512556.909493148, 961162.8218816194 6513070.991323613, 962161.8634731458 6515070.779752917, 962818.0213079491 6517094.645341191, 963989.2715603965 6519083.484452839, 965711.1652913643 6521551.815119897, 966492.4020837529 6522878.122257221, 968392.5571505937 6522919.026916915, 969689.1481397755 6524209.410981797, 970518.358796184 6526222.354695382, 971187.8911120035 6528418.754899149, 972888.0708882594 6530544.060047765, 974924.929938937 6530201.355189907, 977184.7814725171 6529853.729456817, 979444.4892211654 6529506.062002441, 982056.2739950675 6528753.038052279, 984289.1907271132 6528025.914715372, 985332.5703401736 6526620.68857266, 987133.1633366542 6525162.39412105, 988391.9998188234 6524123.101180283, 990566.0819226281 6523570.532604379))"
6,Haute-Tarentaise,Hte-tarent,642.066618334,141.56294338,"POLYGON ((1018903.143633212 6493855.250414209, 1018430.597134126 6492145.771638827, 1018064.912334287 6489703.875223135, 1017294.415588353 6486911.584864691, 1016348.953973405 6484322.104191606, 1015080.423187414 6482515.488055647, 1013434.631419208 6480736.228120164, 1011384.703261234 6478605.786773446, 1009132.951777403 6476300.555092288, 1007326.530701467 6474878.987648051, 1007272.292099733 6476812.181628786, 1007191.264678232 6478335.985045852, 1007046.64252654 6479670.421369692, 1006822.810063237 6481327.520267077, 1006005.688984368 6483300.86447628, 1005071.71840737 6485556.508961814, 1004059.99773961 6487668.024489447, 1002847.97150581 6489888.582507819, 1001305.130664487 6492256.011291547, 999732.8688946678 6494215.599533007, 998170.0198769309 6496311.277962949, 996255.4318801871 6498439.568696283, 994622.5453069136 6500226.027929496, 993104.4659085823 6501927.163277399, 991482.7253451464 6503181.79474351, 992372.1666821418 6505019.244284465, 993464.4268489028 6507032.33303929, 994583.5565103075 6509424.406675101, 994959.7159520885 6512059.20436107, 993755.5701523501 6513855.278224355, 992119.3493218007 6514921.445344036, 990293.8048550552 6516000.698542173, 989629.9696576165 6517378.186147609, 989842.9442990262 6520406.509058186, 990566.0819226281 6523570.532604379, 990919.8753049641 6524896.49724588, 992906.6113668889 6526088.259667763, 994136.3354298251 6527333.380286957, 995389.5671130677 6528045.104223337, 995686.8710483141 6528151.4057418, 995403.7541751382 6526960.462202311, 995973.8220903358 6523558.425181163, 997165.7285650711 6522748.830840574, 996453.4712630315 6521256.382761643, 998427.4056191747 6518441.718999402, 999417.7150894796 6517433.995614709, 1002702.498182945 6516006.766417482, 1003605.101825906 6516398.584732777, 1004500.782999634 6515991.190469784, 1003989.131727751 6514596.839681436, 1005177.563546686 6513387.638756755, 1006870.835334148 6512773.459754245, 1008879.249613642 6513955.077430029, 1011962.421368411 6512329.701961562, 1010642.89755614 6509943.33151217, 1010808.122363031 6505945.335200565, 1011800.145398301 6505137.4717369, 1012057.503827716 6500239.606521733, 1012847.181280284 6499133.805403284, 1012832.459405342 6497435.359693722, 1014323.251914521 6496523.240256763, 1016919.844060344 6496400.906663694, 1017312.512926638 6495598.127624269, 1016503.78572974 6494506.187093204, 1017199.59104574 6494100.524442069, 1018903.143633212 6493855.250414209))"
10,Vanoise,Vanoise,1218.4528751,170.747060194,"POLYGON ((991482.7253451464 6503181.79474351, 993104.4659085823 6501927.163277399, 994622.5453069136 6500226.027929496, 996255.4318801871 6498439.568696283, 998170.0198769309 6496311.277962949, 999732.8688946678 6494215.599533007, 1001305.130664487 6492256.011291547, 1002847.97150581 6489888.582507819, 1004059.99773961 6487668.024489447, 1005071.71840737 6485556.508961814, 1006005.688984368 6483300.86447628, 1006822.810063237 6481327.520267077, 1007046.64252654 6479670.421369692, 1007191.264678232 6478335.985045852, 1007272.292099733 6476812.181628786, 1007326.530701467 6474878.987648051, 1006923.984443526 6474561.220989522, 1004077.798607564 6474573.650246814, 1001058.028329568 6474788.036969171, 999117.1472836032 6474167.008615059, 997351.8544946329 6473343.412726286, 996126.2944411306 6472102.539800716, 995049.5980662965 6470282.022545004, 993784.5097421552 6468474.83862576, 992572.7600080278 6467422.424211309, 991225.6561999994 6467138.336845838, 989312.4369382386 6466893.359874478, 986280.526195623 6466916.053798202, 983410.9013470274 6466547.736926221, 981511.0377743663 6466490.700804235, 979286.3643065824 6467214.30985841, 976710.1713776165 6468341.51641217, 974888.5262760324 6469415.449705876, 972917.1255133939 6471068.899453775, 971322.6716860671 6472696.216169455, 968295.8459439431 6475559.954089837, 966036.0975497818 6478561.074655604, 963534.9618904669 6480819.470769466, 962003.4364666599 6483391.250576926, 961403.0680536252 6485709.748260331, 961395.2888257089 6488367.553450682, 961400.4156871119 6491215.012742586, 961809.6494847812 6494415.015453393, 962433.8895106714 6497980.391056421, 962804.5463658608 6500614.474376168, 962784.1068253012 6503085.592600175, 962587.4874237832 6505759.06822345, 962782.283696502 6508596.381555552, 961385.4876691164 6510403.293113201, 960405.9321816482 6512088.666853154, 961162.8218816194 6513070.991323613, 963244.2126189139 6512556.909493148, 965299.6750317361 6512035.616280825, 966304.6583142555 6510065.431564337, 967472.5835859391 6507704.310507152, 968261.8094442727 6505368.820169385, 969200.8572790211 6502454.358199709, 969774.5321618244 6499755.077625331, 971104.1247239404 6497004.243497044, 972837.3633106954 6494604.805507087, 974583.3573773492 6492395.477993544, 975586.0901189828 6490427.262447366, 977163.3571718178 6491267.215848829, 977347.2621827833 6493912.712422139, 978423.6606506007 6495736.817211737, 979298.0402845072 6497385.298167796, 980928.8770973263 6498981.477018688, 983289.8982418621 6500146.050940362, 985031.0380927966 6500594.547395549, 987568.3732773177 6501556.520005477, 989877.0220536602 6501964.262399892, 991482.7253451464 6503181.79474351))"
9,Maurienne,Maurienne,917.119329854,172.057110913,"POLYGON ((983410.9013470274 6466547.736926221, 983726.4542158511 6464875.151114002, 984057.7148075899 6463211.783588923, 984209.4205534876 6461114.368551539, 984509.4953269933 6459005.957645184, 984819.8197319056 6457046.446155701, 985130.1231878377 6455087.355640901, 985599.0094425594 6453266.621973715, 985603.0858472735 6452684.084569324, 985604.5707382536 6452472.627095276, 985467.2504002169 6452413.457185361, 985607.4333615585 6452064.996355829, 985612.6042042715 6451328.645581857, 985226.4401985167 6451727.77097039, 984222.9034025015 6452766.144745559, 983925.6768231615 6453226.019116162, 983012.332447968 6454639.161473019, 981632.4481147921 6456225.633477019, 980318.068026991 6456614.733993118, 978220.8401521904 6456462.997917267, 976292.4419407885 6456596.831231029, 974670.9358511141 6456858.076190387, 971918.8569238517 6455855.948490766, 969969.9606495667 6455692.316522129, 967842.2089263303 6455093.272212254, 966179.9713973184 6454760.474558368, 963816.8400824161 6455071.638067894, 961601.900652864 6455372.545658065, 959852.1782241947 6455939.239599771, 957815.7726714065 6456674.695607618, 955799.3138223501 6457706.299018078, 954089.4860095088 6458866.013941073, 953121.3111585977 6459974.591629175, 952203.4080121156 6461826.073171432, 951730.5333844514 6463646.991718162, 951385.9383940466 6465161.501315759, 950810.720477429 6469559.15249736, 950785.7636979182 6471172.693256746, 950645.2164378611 6473062.23105569, 950763.0613230872 6474800.281023797, 950765.4192320459 6476815.598207415, 950874.1493210106 6478420.134859662, 950715.5316090949 6480043.497778276, 950851.5732637383 6482049.394694471, 950987.7197426102 6484056.564872498, 951133.052771117 6486196.806866979, 951260.0920066872 6488070.481274907, 951405.4641633045 6490211.585789987, 951657.4927673894 6491942.4010927, 951650.8618046801 6493825.452307124, 951902.8792507916 6495556.702493655, 950502.7748267668 6496728.288163126, 949352.196064861 6497613.06413142, 947888.3451449955 6497846.488620725, 946711.2205640725 6498276.177394667, 949381.4941394331 6500344.638969052, 951435.5950111492 6501610.697485305, 953827.0430460535 6503697.387286293, 955939.2703770878 6505803.950724394, 957771.9107858506 6507928.841175403, 959585.9193084156 6509773.689367574, 960405.9321816482 6512088.666853154, 961385.4876691164 6510403.293113201, 962782.283696502 6508596.381555552, 962587.4874237832 6505759.06822345, 962784.1068253012 6503085.592600175, 962804.5463658608 6500614.474376168, 962433.8895106714 6497980.391056421, 961809.6494847812 6494415.015453393, 961400.4156871119 6491215.012742586, 961395.2888257089 6488367.553450682, 961403.0680536252 6485709.748260331, 962003.4364666599 6483391.250576926, 963534.9618904669 6480819.470769466, 966036.0975497818 6478561.074655604, 968295.8459439431 6475559.954089837, 971322.6716860671 6472696.216169455, 972917.1255133939 6471068.899453775, 974888.5262760324 6469415.449705876, 976710.1713776165 6468341.51641217, 979286.3643065824 6467214.30985841, 981511.0377743663 6466490.700804235, 983410.9013470274 6466547.736926221))"
7,Chartreuse,Chartreuse,846.994238196,120.161034787,"POLYGON ((934227.5417829123 6488155.489928402, 934469.8826005145 6487577.540903527, 933686.4703694247 6484258.905664649, 932605.0277392536 6480680.727722231, 932120.4784091501 6477624.56680675, 930518.1862604251 6474643.233564725, 929754.7978963344 6471606.572795773, 928488.6729139057 6469445.927525533, 926924.943333736 6467024.534219583, 924784.6350251567 6464361.302538517, 922663.4475066185 6461976.808759656, 919407.5238611859 6459387.050053621, 916207.6766801032 6457634.86159311, 914386.160810879 6457104.431339188, 913063.2728230387 6456718.83760115, 911012.1274422014 6459657.495835999, 909239.5392731709 6462577.321440088, 907429.9267468839 6464938.936780774, 905637.953868693 6467580.514974151, 903214.0304196381 6469141.232807274, 902575.0573585248 6472269.19804565, 903594.8176200442 6475009.534255551, 905435.5956880908 6477416.164018211, 907574.6707799509 6480084.770205979, 910291.8641098347 6482995.943694985, 912973.5481105885 6485348.490995624, 914573.7966256428 6488333.016967416, 916137.8742300451 6490758.887775403, 916078.6287080282 6494134.361272076, 916542.4819113914 6496914.405346518, 917359.9738483501 6500796.371224521, 920307.1459300183 6502851.101567024, 922602.3824459156 6503542.874342755, 925373.6939808562 6503644.215620404, 925570.746738187 6501659.495564832, 927642.7964550828 6498991.796876986, 929732.8406275715 6496603.926453753, 931262.6949934615 6494253.708923035, 933314.2137436866 6491307.158052193, 934227.5417829123 6488155.489928402))"
8,Belledonne,Belledonne,993.456149932,154.88238994,"POLYGON ((950810.720477429 6469559.15249736, 949675.7610994901 6466682.667159213, 948649.7884038413 6465409.246086586, 947499.3132322758 6464278.9984702, 946358.102360648 6463282.066100682, 945065.4202188672 6462026.651941478, 943924.3987750844 6461030.192182868, 942160.4700643318 6460746.446672386, 940566.1479098977 6460987.456433658, 938811.1914626032 6460836.874642258, 937786.3683294005 6459563.709803057, 937812.5697890252 6457951.534524368, 938916.4785953468 6456401.574638605, 939565.6543930629 6454076.976966337, 938763.5826754384 6452119.091199631, 937596.818606915 6450721.822589146, 935709.550067397 6450579.879319996, 933581.8703074553 6450855.960879559, 932068.4565052281 6450285.751721085, 930920.2238379159 6449155.468581761, 929229.2397675163 6447926.900833463, 927663.1269715909 6446555.872610475, 926186.5075232096 6444508.086359407, 924354.0549065229 6443154.950806309, 922530.6076856597 6441934.540206017, 920119.2522548429 6441959.288154464, 917467.2232628239 6442401.73413766, 915587.5577280484 6444402.401773937, 914801.7080667698 6446732.989682336, 913989.5210531771 6448663.417077861, 913456.2681983664 6450395.800972611, 913735.3021125441 6452168.877011654, 914014.2925238205 6453941.95272041, 914282.8133731628 6455553.603272079, 914386.160810879 6457104.431339188, 916207.6766801032 6457634.86159311, 919407.5238611859 6459387.050053621, 922663.4475066185 6461976.808759656, 924784.6350251567 6464361.302538517, 926924.943333736 6467024.534219583, 928488.6729139057 6469445.927525533, 929754.7978963344 6471606.572795773, 930518.1862604251 6474643.233564725, 932120.4784091501 6477624.56680675, 932605.0277392536 6480680.727722231, 933686.4703694247 6484258.905664649, 934469.8826005145 6487577.540903527, 934227.5417829123 6488155.489928402, 937715.1241145816 6489888.927909911, 940364.0504343045 6491677.696163404, 942212.0070878163 6494082.237978435, 944340.2309181389 6496468.391921096, 946711.2205640725 6498276.177394667, 947888.3451449955 6497846.488620725, 949352.196064861 6497613.06413142, 950502.7748267668 6496728.288163126, 951902.8792507916 6495556.702493655, 951650.8618046801 6493825.452307124, 951657.4927673894 6491942.4010927, 951405.4641633045 6490211.585789987, 951260.0920066872 6488070.481274907, 951133.052771117 6486196.806866979, 950987.7197426102 6484056.564872498, 950851.5732637383 6482049.394694471, 950715.5316090949 6480043.497778276, 950874.1493210106 6478420.134859662, 950765.4192320459 6476815.598207415, 950763.0613230872 6474800.281023797, 950645.2164378611 6473062.23105569, 950785.7636979182 6471172.693256746, 950810.720477429 6469559.15249736))"
12,Grandes-Rousses,Gdes-rouss,555.916339479,120.014509669,"POLYGON ((974670.9358511141 6456858.076190387, 973869.4069521371 6455908.746467534, 973330.3793308407 6454714.945917872, 972624.3891082035 6453124.572950171, 971749.7948781234 6451247.863894253, 971161.6180727694 6449203.147755646, 970594.0934948522 6447454.543059452, 970343.7303390442 6446342.457913826, 970164.7581697961 6445547.48341874, 969777.4272312926 6443022.716746716, 969640.4509115458 6442153.359795015, 968595.894188941 6442230.249203627, 966827.4660847129 6442500.921136871, 964604.15231694 6442653.471836379, 962677.161026851 6442785.408737413, 960453.8146904861 6442937.730552877, 958675.0295622593 6443058.885045675, 956727.7696337189 6442893.720002172, 953891.0825521743 6442788.579085668, 953109.3080104918 6442696.327461662, 951489.1960652716 6442505.148248945, 948366.1056886232 6442567.33369662, 946300.6932256505 6442855.681526787, 944225.3215578322 6442995.489010542, 942979.5142483078 6442185.987533411, 941713.8556725206 6441080.036955289, 939776.8981829541 6441060.527727502, 938660.4963065421 6442177.978450079, 938186.6915916407 6443996.892861624, 937712.6532041649 6445815.39454333, 937110.2107937554 6447941.048795993, 936778.7316570511 6449605.189661777, 935709.550067397 6450579.879319996, 937596.818606915 6450721.822589146, 938763.5826754384 6452119.091199631, 939565.6543930629 6454076.976966337, 938916.4785953468 6456401.574638605, 937812.5697890252 6457951.534524368, 937786.3683294005 6459563.709803057, 938811.1914626032 6460836.874642258, 940566.1479098977 6460987.456433658, 942160.4700643318 6460746.446672386, 943924.3987750844 6461030.192182868, 945065.4202188672 6462026.651941478, 946358.102360648 6463282.066100682, 947499.3132322758 6464278.9984702, 948649.7884038413 6465409.246086586, 949675.7610994901 6466682.667159213, 950810.720477429 6469559.15249736, 951385.9383940466 6465161.501315759, 951730.5333844514 6463646.991718162, 952203.4080121156 6461826.073171432, 953121.3111585977 6459974.591629175, 954089.4860095088 6458866.013941073, 955799.3138223501 6457706.299018078, 957815.7726714065 6456674.695607618, 959852.1782241947 6455939.239599771, 961601.900652864 6455372.545658065, 963816.8400824161 6455071.638067894, 966179.9713973184 6454760.474558368, 967842.2089263303 6455093.272212254, 969969.9606495667 6455692.316522129, 971918.8569238517 6455855.948490766, 974670.9358511141 6456858.076190387))"
15,Oisans,Oisans,1445.77817504,180.892003036,"POLYGON ((935709.550067397 6450579.879319996, 936778.7316570511 6449605.189661777, 937110.2107937554 6447941.048795993, 937712.6532041649 6445815.39454333, 938186.6915916407 6443996.892861624, 938660.4963065421 6442177.978450079, 939776.8981829541 6441060.527727502, 941713.8556725206 6441080.036955289, 942979.5142483078 6442185.987533411, 944225.3215578322 6442995.489010542, 946300.6932256505 6442855.681526787, 948366.1056886232 6442567.33369662, 951489.1960652716 6442505.148248945, 953109.3080104918 6442696.327461662, 953891.0825521743 6442788.579085668, 956727.7696337189 6442893.720002172, 958675.0295622593 6443058.885045675, 960453.8146904861 6442937.730552877, 962677.161026851 6442785.408737413, 964604.15231694 6442653.471836379, 966827.4660847129 6442500.921136871, 968595.894188941 6442230.249203627, 969640.4509115458 6442153.359795015, 967909.7994557479 6439021.414667482, 966323.5872231544 6437095.43289606, 965815.7274309628 6433931.81972356, 965258.2626283977 6432044.585906669, 965058.49028238 6431368.27910448, 963703.1185013677 6428554.723836469, 962050.9030508142 6425273.979588934, 961648.0531737139 6424642.54079982, 960395.8081336772 6422679.731228332, 958174.7311092232 6419926.368324156, 955494.0573077206 6418947.064882164, 952294.2311796632 6418873.605732123, 948707.7463021378 6417373.477006575, 946258.6351692569 6415506.415665635, 943521.0554518315 6413657.922969488, 939744.2018256285 6413621.090519285, 936661.2139585344 6415278.721275655, 934701.4155974195 6416855.291736849, 933905.2792683155 6417495.746589498, 930782.5359171717 6418574.204726719, 927621.082398627 6419074.89245723, 925076.0050424691 6420114.073977777, 922241.3999518112 6421172.758651921, 919368.2903157382 6421652.227700677, 915935.5106027551 6422458.668555252, 912483.5230685194 6422975.066660211, 909590.9579980656 6423163.687673857, 906970.6392611971 6423318.584607729, 907118.0315643832 6425585.092977312, 907135.0831149181 6428348.751959719, 907356.3277468082 6431749.967221132, 907880.6394492727 6434807.335885728, 908426.3277978135 6438188.901605852, 908908.7831552359 6440598.486747495, 909789.7300329406 6444122.444798946, 910790.7241149594 6446987.187628685, 912204.39884991 6448686.062262975, 913456.2681983664 6450395.800972611, 913989.5210531771 6448663.417077861, 914801.7080667698 6446732.989682336, 915587.5577280484 6444402.401773937, 917467.2232628239 6442401.73413766, 920119.2522548429 6441959.288154464, 922530.6076856597 6441934.540206017, 924354.0549065229 6443154.950806309, 926186.5075232096 6444508.086359407, 927663.1269715909 6446555.872610475, 929229.2397675163 6447926.900833463, 930920.2238379159 6449155.468581761, 932068.4565052281 6450285.751721085, 933581.8703074553 6450855.960879559, 935709.550067397 6450579.879319996))"
14,Vercors,Vercors,1418.62717787,166.938612659,"POLYGON ((914386.160810879 6457104.431339188, 914282.8133731628 6455553.603272079, 914014.2925238205 6453941.95272041, 913735.3021125441 6452168.877011654, 913456.2681983664 6450395.800972611, 912204.39884991 6448686.062262975, 910790.7241149594 6446987.187628685, 909789.7300329406 6444122.444798946, 908908.7831552359 6440598.486747495, 908426.3277978135 6438188.901605852, 907880.6394492727 6434807.335885728, 907356.3277468082 6431749.967221132, 907135.0831149181 6428348.751959719, 907118.0315643832 6425585.092977312, 906970.6392611971 6423318.584607729, 907094.4494757083 6420222.127161009, 906957.7070017407 6418117.883079883, 907155.1114263675 6416154.442634812, 907352.5082476439 6414191.837742308, 906610.6145008483 6412777.580280506, 905242.6631905884 6411728.582461667, 904125.0606844398 6409526.938418387, 902392.0335990795 6407851.976505263, 899981.1562526586 6405733.969727969, 897805.5099023073 6404737.605753859, 895337.7932827885 6404246.659580224, 893672.8193081855 6406140.188118259, 892837.1071342606 6408305.093562341, 892982.3612916423 6410569.851589561, 892642.2509506003 6412866.228675252, 891461.6502739359 6414729.390425266, 890401.284147782 6415935.132145045, 888448.5818854898 6415897.02909896, 885858.8935856177 6416062.219778433, 883947.3936948439 6416671.476333817, 883423.4043397899 6418655.044408097, 883374.6882787553 6420445.757168658, 881624.5444463415 6421045.151791301, 879812.7753428622 6420671.759531224, 878283.8203063395 6419630.912807245, 877910.7280905789 6421442.438607373, 878043.8618946172 6423547.740824018, 878218.0092027612 6426300.589593468, 878220.0281756911 6428902.265056302, 878525.5669311696 6431160.405188291, 879317.2515951514 6433387.193877634, 879633.3955708194 6435808.018471946, 879787.3724653051 6438238.581896567, 880286.2968717043 6440973.697880731, 880795.6406138709 6443871.493353642, 882095.4641106797 6446393.620538685, 883019.6446638139 6448125.50167986, 884289.1700691511 6450161.503860057, 885527.9783308909 6451711.56276133, 887264.0262118215 6453392.166408534, 889162.64081734 6455062.548378469, 891548.4706825744 6456701.954972904, 893458.2831237006 6458534.277357745, 895075.380589659 6460874.252573553, 895839.5896090918 6462617.546101118, 896949.4504714033 6464664.812497814, 898038.6384724319 6466387.394145919, 899279.9313941479 6467937.887813252, 901129.029759875 6468796.718527609, 903214.0304196381 6469141.232807274, 905637.953868693 6467580.514974151, 907429.9267468839 6464938.936780774, 909239.5392731709 6462577.321440088, 911012.1274422014 6459657.495835999, 913063.2728230387 6456718.83760115, 914386.160810879 6457104.431339188))"
18,Devoluy,Devoluy,1094.58102212,135.705195312,"POLYGON ((936661.2139585344 6415278.721275655, 938041.7316944099 6412382.262831978, 939460.8234807446 6409308.156890565, 940897.6387278937 6406505.071037595, 942118.5433705354 6404527.942691073, 944344.630769373 6401401.218174476, 946606.1778664751 6398813.399817073, 948615.8530877418 6396513.555388378, 950661.2777429712 6394751.73349003, 952588.3503711461 6392323.769131486, 951079.5991908349 6392093.464670021, 949229.4128727815 6391721.021962873, 947390.3985408668 6391513.254359051, 945341.8978677203 6390656.225775874, 942775.9256096502 6389501.20351786, 941355.1162494244 6388103.767408065, 938845.0627357741 6387773.945880471, 935861.7550305837 6387807.250486298, 933065.4216677747 6388159.305916728, 930434.1603086658 6388500.011536227, 928089.3585993396 6388158.111071501, 926669.8752218663 6386759.509391122, 924303.5925727491 6386086.699634749, 921959.1318006044 6385743.331595395, 919558.270047111 6387061.801685675, 917002.5090298963 6388556.816631591, 914787.5613142301 6390194.236608121, 913254.4582754865 6392119.278196575, 911544.9850737124 6393889.880729217, 910859.0184407589 6396091.71716456, 909996.6981548467 6398139.271375418, 909981.9894872551 6398174.185809379, 909134.2407934694 6400186.495250809, 908095.5306554079 6402079.981633099, 907904.6185689098 6404250.592472609, 908065.9100633534 6406730.526553744, 908051.1116637541 6409056.207712722, 907903.2082463447 6411889.114208885, 907352.5082476439 6414191.837742308, 907155.1114263675 6416154.442634812, 906957.7070017407 6418117.883079883, 907094.4494757083 6420222.127161009, 906970.6392611971 6423318.584607729, 909590.9579980656 6423163.687673857, 912483.5230685194 6422975.066660211, 915935.5106027551 6422458.668555252, 919368.2903157382 6421652.227700677, 922241.3999518112 6421172.758651921, 925076.0050424691 6420114.073977777, 927621.082398627 6419074.89245723, 930782.5359171717 6418574.204726719, 933905.2792683155 6417495.746589498, 934701.4155974195 6416855.291736849, 936661.2139585344 6415278.721275655))"
19,Champsaur,Champsaur,657.093205385,112.727915242,"POLYGON ((972567.3770947962 6396966.415369716, 970523.0929535767 6396373.846428926, 968294.5706460972 6395444.523014589, 965760.242581427 6393995.366291584, 962761.378546912 6393659.286352002, 960209.3586969894 6391939.440591145, 957890.3632186635 6389663.674320837, 955932.72793817 6388714.860884346, 954176.0004155227 6390727.311329141, 952588.3503711461 6392323.769131486, 950661.2777429712 6394751.73349003, 948615.8530877418 6396513.555388378, 946606.1778664751 6398813.399817073, 944344.630769373 6401401.218174476, 942118.5433705354 6404527.942691073, 940897.6387278937 6406505.071037595, 939460.8234807446 6409308.156890565, 938041.7316944099 6412382.262831978, 936661.2139585344 6415278.721275655, 939744.2018256285 6413621.090519285, 943521.0554518315 6413657.922969488, 946258.6351692569 6415506.415665635, 948707.7463021378 6417373.477006575, 952294.2311796632 6418873.605732123, 955494.0573077206 6418947.064882164, 958174.7311092232 6419926.368324156, 960395.8081336772 6422679.731228332, 961648.0531737139 6424642.54079982, 962050.9030508142 6425273.979588934, 962313.0731296806 6423936.539958141, 962453.4890807403 6423220.218951609, 963168.9760864736 6421003.253025129, 963683.4300801464 6419017.442668482, 964800.5521753523 6416340.07092791, 966132.8971321646 6413648.698542847, 967078.0850850401 6411633.510512063, 967792.6225671734 6409418.101918813, 968306.1432800925 6407433.307535927, 969206.2109619791 6404772.591958317, 970321.5359551436 6402097.505677735, 971652.0496322326 6399407.72486494, 972567.3770947962 6396966.415369716))"
16,Pelvoux,Pelvoux,581.138253174,107.791396129,"POLYGON ((986027.5878098299 6427374.735007383, 985179.4099212864 6426439.653762883, 984445.6735388711 6425621.038972903, 983506.2325463351 6424623.499550431, 982484.1030681365 6423824.670371032, 981909.4491065621 6422511.850989301, 981719.6631045232 6421171.944546443, 981612.6279325037 6419633.461581746, 981402.8381433745 6418005.52915801, 981282.592854128 6416274.747335674, 981477.3513671788 6414909.337158712, 981891.2022660484 6413914.765103012, 982334.2431333881 6412581.372197217, 981585.3004416443 6411497.814639906, 981064.1813103301 6410234.157342679, 980096.9339500482 6408785.538948343, 978148.0761586407 6405671.423512693, 976430.4512996598 6402758.62841526, 974973.4218718803 6400477.880851922, 973962.7979002352 6398382.442529359, 972567.3770947962 6396966.415369716, 971652.0496322326 6399407.72486494, 970321.5359551436 6402097.505677735, 969206.2109619791 6404772.591958317, 968306.1432800925 6407433.307535927, 967792.6225671734 6409418.101918813, 967078.0850850401 6411633.510512063, 966132.8971321646 6413648.698542847, 964800.5521753523 6416340.07092791, 963683.4300801464 6419017.442668482, 963168.9760864736 6421003.253025129, 962453.4890807403 6423220.218951609, 962313.0731296806 6423936.539958141, 962050.9030508142 6425273.979588934, 963703.1185013677 6428554.723836469, 965058.49028238 6431368.27910448, 965258.2626283977 6432044.585906669, 965815.7274309628 6433931.81972356, 966323.5872231544 6437095.43289606, 967909.7994557479 6439021.414667482, 969640.4509115458 6442153.359795015, 969777.4272312926 6443022.716746716, 970597.2033084601 6442426.509827754, 971508.9443277499 6441496.436301272, 972614.0493790046 6440227.212499578, 973733.8895874536 6439174.248000829, 974853.5660501083 6438121.458474724, 975973.1515406708 6437068.424140357, 976984.6660638233 6436022.630282629, 977988.5974390598 6434869.348571396, 978791.5838612114 6433946.384830208, 979587.0180095123 6432915.886254579, 980598.0673904081 6431870.167289143, 981947.535908604 6431018.036062646, 982950.8345851472 6429865.009798228, 984069.3253941346 6428811.528209016, 985202.6475116771 6427974.36780501, 986027.5878098299 6427374.735007383))"
11,Haute-Maurienne,Hte-maurie,684.20651878,151.080792075,"POLYGON ((1022542.622107869 6476569.976642689, 1024514.703787395 6473555.520607519, 1024486.969195342 6470358.666002346, 1023476.665986745 6469068.63063856, 1022279.510088437 6469278.883132808, 1019849.038087854 6465503.388364431, 1017760.57190808 6466620.541054528, 1015951.096525313 6465337.432051379, 1014053.935270089 6465453.81072904, 1011043.847154204 6463981.234413899, 1011436.512367615 6463178.591303987, 1010512.302498547 6460289.213738478, 1009312.668983486 6460199.674131222, 1006009.971890446 6459528.979103674, 1005497.478099545 6458034.760988764, 1006383.602720105 6456528.545647793, 1003377.002813333 6455455.548296411, 998600.855508759 6457694.855585978, 996408.2477425814 6458313.317887484, 994188.8410580432 6455834.764138285, 991695.5925902019 6456355.885758795, 989291.1499525763 6455577.446845738, 988876.8741835532 6453882.625326366, 985604.5707382601 6452472.627095276, 985603.0858472725 6452684.084569328, 985599.0094425557 6453266.621973715, 985130.1231878364 6455087.355640905, 984819.8197319026 6457046.446155703, 984509.4953269958 6459005.957645188, 984209.4205534987 6461114.368551546, 984057.7148075976 6463211.783588921, 983726.4542158577 6464875.151114002, 983410.9013470276 6466547.736926226, 986280.5261956194 6466916.053798205, 989312.4369382397 6466893.359874479, 991225.6562000071 6467138.336845836, 992572.7600080306 6467422.424211315, 993784.5097421695 6468474.838625764, 995049.5980663055 6470282.022545008, 996126.2944411314 6472102.539800721, 997351.8544946394 6473343.412726289, 999117.1472836032 6474167.008615064, 1001058.028329564 6474788.036969178, 1004077.798607561 6474573.650246817, 1006923.984443525 6474561.22098952, 1007326.530701473 6474878.987648051, 1009132.951777404 6476300.555092294, 1011384.703261236 6478605.786773443, 1013434.631419218 6480736.228120165, 1015080.423187415 6482515.488055647, 1016348.953973403 6484322.104191612, 1017294.415588353 6486911.584864691, 1018064.912334297 6489703.875223138, 1018430.597134123 6492145.771638829, 1018903.143633221 6493855.250414208, 1020891.694558993 6493568.940192144, 1020681.438789795 6492371.762777616, 1021961.212742944 6490162.648526182, 1025449.112860709 6489133.376223955, 1027630.483659542 6487216.130751813, 1026410.886531151 6484828.839365854, 1026185.891929001 6481933.474445763, 1024178.265775078 6480851.83807795, 1024459.84692348 6478751.33533142, 1022559.086389079 6478468.020292613, 1022542.622107869 6476569.976642689))"
13,Thabor,Thabor,456.588065421,91.1500634721,"POLYGON ((985612.6042042715 6451328.645581857, 985920.0993610333 6451287.783964234, 989379.4318108911 6442688.688588623, 995170.9827331407 6442338.792536868, 995753.1282281639 6440335.686081125, 994649.8655692039 6439845.686775002, 994746.3328663034 6439445.238645738, 995739.2968855964 6438737.238187104, 997219.6645714438 6436626.432513947, 995901.111108151 6434339.987128508, 996360.4074708309 6430912.988710747, 995908.1853223401 6430687.632762995, 995471.966164773 6430721.626164895, 993947.2120220135 6430612.103160853, 992622.9801949596 6430271.889701511, 991298.8325782238 6429931.544960592, 989974.6943487735 6429590.632302213, 988635.4845540226 6429034.275457717, 987527.1016364237 6428678.875753571, 986734.6396103398 6428191.900182032, 986027.5878098297 6427374.735007387, 985202.6475116771 6427974.36780501, 984069.3253941347 6428811.528209016, 982950.834585147 6429865.00979823, 981947.5359086039 6431018.036062647, 980598.0673904084 6431870.167289145, 979587.0180095125 6432915.886254579, 978791.5838612115 6433946.384830207, 977988.5974390598 6434869.348571398, 976984.666063823 6436022.630282632, 975973.1515406708 6437068.424140358, 974853.5660501083 6438121.458474724, 973733.8895874533 6439174.248000832, 972614.0493790046 6440227.212499578, 971508.94432775 6441496.436301271, 970597.2033084602 6442426.509827754, 969777.4272312926 6443022.716746716, 970164.7581697961 6445547.48341874, 970343.730339044 6446342.457913828, 970594.0934948522 6447454.543059452, 971161.6180727695 6449203.147755646, 971749.7948781234 6451247.863894253, 972624.3891082037 6453124.572950167, 973330.3793308407 6454714.945917875, 973869.4069521371 6455908.746467534, 974670.9358511139 6456858.076190389, 976292.4419407886 6456596.831231032, 978220.8401521904 6456462.997917267, 980318.0680269909 6456614.733993118, 981632.4481147921 6456225.633477019, 983012.332447968 6454639.161473024, 983925.6768231615 6453226.019116162, 984222.9034025017 6452766.144745559, 985226.4401985167 6451727.770970388, 985612.6042042715 6451328.645581857))"
17,Queyras,Queyras,853.024219973,123.099458689,"POLYGON ((995908.1853223376 6430687.632762995, 996398.937091561 6430625.502530227, 996464.1204827604 6430139.141575032, 998059.9628195639 6429825.537816078, 1003417.277755249 6425483.273290928, 1007103.029340528 6424252.41564751, 1009399.827577426 6424132.704989254, 1010915.642423627 6426117.617567101, 1014895.963748416 6424284.830058077, 1016590.737343586 6423870.532674858, 1018170.979505564 6421758.863504692, 1016640.438754342 6418075.621065886, 1018522.059112339 6416161.094290933, 1019476.020971143 6410957.840504965, 1022463.357340583 6409832.940552773, 1023731.679253833 6406325.323800666, 1023129.663750058 6406030.870932607, 1019644.572813297 6407359.828936033, 1018442.388531835 6406970.647222972, 1017440.799646857 6406679.540896582, 1016645.117290858 6407086.155512962, 1014234.577065625 6405608.448135958, 1013434.417844964 6403085.849590216, 1012989.324517849 6403033.797435808, 1011349.760330008 6403053.757127249, 1009703.302311654 6402977.916867973, 1008351.86496206 6402977.297261229, 1006897.65973798 6402887.916347595, 1005916.725692536 6402668.035180062, 1005716.505140208 6402676.902354009, 1004562.445775358 6402617.186374678, 1003399.034473974 6402556.807511405, 1002034.067635517 6402363.879463697, 1000682.601905471 6402362.794632727, 999434.050605359 6402450.920730758, 997993.3197119124 6402552.616189552, 996648.6000598936 6402647.318916863, 994624.8248047472 6402693.735879947, 993280.0584704548 6402787.876533755, 992024.6002857883 6402779.592654405, 990878.6999169842 6402956.492972767, 989163.1177313308 6403269.266389461, 987831.7221447679 6403555.646391992, 986705.7936175815 6404020.112602078, 985689.2625091401 6404670.033619856, 985090.4664582794 6405773.914016191, 984580.8994276761 6406774.593289038, 984078.0882544998 6407871.888528599, 983581.7932635371 6409064.940281107, 983085.4196235505 6410258.448431534, 982642.6068482542 6411561.279547242, 982334.2431333982 6412581.372197217, 981891.2022660457 6413914.765103016, 981477.3513671821 6414909.337158712, 981282.5928541375 6416274.747335677, 981402.838143372 6418005.529158011, 981612.6279325064 6419633.461581748, 981719.6631045232 6421171.944546446, 981909.4491065658 6422511.850989303, 982484.1030681445 6423824.670371031, 983506.2325463436 6424623.499550436, 984445.6735388865 6425621.038972906, 985179.4099212826 6426439.653762889, 986027.5878098317 6427374.735007387, 986734.6396103378 6428191.900182032, 987527.1016364364 6428678.875753577, 988635.4845540331 6429034.275457722, 989974.6943487837 6429590.632302216, 992622.9801949626 6430271.889701511, 993947.2120220186 6430612.103160859, 995471.9661647745 6430721.626164899, 995908.1853223376 6430687.632762995))"
20,Parpaillon,Parpaillon,703.575937353,138.43274281,"POLYGON ((990878.6999169842 6402956.492972767, 992024.6002857883 6402779.592654405, 993280.0584704548 6402787.876533755, 994624.8248047472 6402693.735879947, 996648.6000598936 6402647.318916863, 997993.3197119124 6402552.616189552, 999434.050605359 6402450.920730758, 1000682.601905471 6402362.794632727, 1002034.067635517 6402363.879463697, 1003399.034473974 6402556.807511405, 1004562.445775358 6402617.186374678, 1005916.725692536 6402668.035180062, 1003839.233789101 6401180.369657677, 1002157.316767853 6400020.104194189, 999838.758824626 6398903.999733273, 998338.8210665465 6398050.052750265, 996475.936591065 6396581.574823433, 994476.5543062545 6395443.223378792, 992307.0895864512 6394155.916595167, 990160.2859203126 6393187.317459252, 988798.2555246805 6392002.814490212, 988017.252690132 6389979.121357707, 987702.6082789125 6387763.138633518, 986855.3919817465 6384785.540267993, 985734.8204669083 6382466.244712859, 984548.129675499 6379193.565901961, 983039.6648138023 6378179.835400431, 980358.7474914063 6378685.601364953, 977200.5644050044 6379223.984019115, 974667.2516353427 6379558.392268651, 972155.723111304 6380211.162554396, 970099.279831249 6380512.512043666, 967702.880767179 6380517.111751944, 965328.1512541547 6380839.9452655, 963408.6933810266 6380811.22968122, 961604.9919929997 6380135.631886382, 960256.7980556657 6379108.768770828, 959237.6853746295 6378219.624549193, 958539.9183599441 6379705.350326988, 957852.857539461 6381349.765785983, 957176.4963930057 6383153.273774399, 956500.0053112186 6384957.254967791, 955982.516863658 6386750.385675514, 955932.7279381772 6388714.860884343, 957890.3632186723 6389663.674320843, 960209.3586969886 6391939.440591145, 962761.3785469198 6393659.286352006, 965760.2425814341 6393995.366291587, 968294.570646099 6395444.523014591, 970523.0929535738 6396373.846428925, 972567.3770948062 6396966.415369716, 973962.7979002357 6398382.442529362, 974973.4218718869 6400477.880851918, 976430.4512996576 6402758.62841526, 978148.0761586446 6405671.4235127, 980096.9339500584 6408785.538948341, 981064.1813103377 6410234.157342681, 981585.3004416418 6411497.814639906, 982334.2431333982 6412581.372197217, 982642.6068482542 6411561.279547242, 983085.4196235505 6410258.448431534, 983581.7932635371 6409064.940281107, 984078.0882544998 6407871.888528599, 984580.8994276761 6406774.593289038, 985090.4664582794 6405773.914016191, 985689.2625091401 6404670.033619856, 986705.7936175815 6404020.112602078, 987831.7221447679 6403555.646391992, 989163.1177313308 6403269.266389461, 990878.6999169842 6402956.492972767))"
21,Ubaye,Ubaye,1159.51793296,171.844294303,"POLYGON ((1013426.42670514 6403060.656486601, 1013412.925993217 6403018.093562173, 1014978.318410318 6399208.141197191, 1012559.254593705 6396731.568852944, 1012434.234024805 6393835.408782217, 1006595.321644205 6388691.083269808, 1006972.397830674 6386090.261218774, 1008255.448116861 6384280.905916179, 1011132.549101907 6381958.335610876, 1011713.667546898 6379855.280876208, 1014003.465206187 6378936.324996607, 1014192.918867712 6377735.898712688, 1010586.337839372 6376568.358799926, 1010232.382554668 6370115.056420692, 1009704.945256234 6370045.939805547, 1008149.116762368 6369548.151696824, 1006219.955275124 6369366.046905008, 1004449.613694062 6369171.853160828, 1003032.579907671 6367196.305141585, 1002239.976362867 6365017.295983755, 1000946.98661976 6363904.390804459, 1000199.241927535 6363245.840243319, 997295.5210263974 6362811.837248886, 994709.559775715 6362355.027760868, 992611.2976285021 6362023.347164211, 989549.0128925163 6361599.157489397, 986815.5749985769 6361310.65494273, 983660.9673691776 6361849.826311005, 980675.9367156255 6362535.535701817, 977986.4114845716 6362881.49182946, 975636.4289555638 6363522.97798953, 973374.2360752157 6363962.128928322, 971308.3233035005 6365577.021699205, 969362.6365751922 6367466.590215087, 967723.6364902896 6369175.501829168, 966095.1328973023 6371043.431988325, 964466.2048537985 6372911.710199853, 962370.9331085782 6374971.223468122, 960719.4904127107 6376521.322356203, 959237.6853746253 6378219.624549187, 960256.7980556637 6379108.768770828, 961604.9919930012 6380135.631886378, 963408.6933810281 6380811.229681218, 965328.1512541574 6380839.945265496, 967702.880767168 6380517.111751948, 970099.279831239 6380512.512043659, 972155.7231113055 6380211.162554393, 977200.5644049936 6379223.984019109, 980358.7474914099 6378685.601364953, 983039.6648138053 6378179.835400431, 984548.1296754922 6379193.565901961, 985734.8204668994 6382466.24471286, 986855.3919817406 6384785.540267992, 987702.608278911 6387763.138633518, 988017.2526901222 6389979.121357703, 988798.2555246799 6392002.814490212, 990160.2859203119 6393187.317459249, 992307.0895864426 6394155.916595162, 994476.554306258 6395443.22337879, 996475.9365910678 6396581.574823433, 998338.8210665423 6398050.052750258, 999838.758824629 6398903.999733268, 1002157.316767849 6400020.104194185, 1003839.233789103 6401180.369657675, 1005916.725692529 6402668.03518006, 1006897.659737974 6402887.91634759, 1008351.864962051 6402977.297261221, 1009703.302311646 6402977.916867972, 1011349.760330005 6403053.757127243, 1012989.324517848 6403033.797435811, 1013426.42670514 6403060.656486601))"
22,Haut_Var-Haut_Verdon,Ht_Var-Ver,1596.99711306,169.808284603,"POLYGON ((1029196.052233381 6340812.891903796, 1029272.879523733 6339343.780649321, 1029936.52635301 6337304.733790731, 1030771.319085728 6335049.725078597, 1032215.566755071 6332950.279624367, 1032837.048017383 6330511.894703372, 1033231.247973457 6327691.004226347, 1032449.438533889 6325154.983284081, 1029813.374051721 6324548.081497425, 1026625.308381516 6324578.440322402, 1023848.130810448 6324778.267340011, 1019894.767885598 6325260.545856472, 1016706.343749064 6325289.482691186, 1013730.420050521 6325501.583597339, 1011151.272619833 6325684.902845803, 1007976.741932145 6325910.290328622, 1004802.170580741 6326134.704831381, 1002024.25630026 6326330.813951683, 998849.4743242308 6326554.360253608, 995688.4649208556 6326975.730318268, 993602.7707177692 6328517.727978472, 991927.6877765297 6330230.761071356, 990464.5184116052 6332127.878586254, 988165.3704188614 6333485.170647926, 985256.4385277967 6334685.028286217, 982758.0648924204 6336055.54408224, 980670.0183887382 6337597.100884672, 978609.1917477188 6339535.448131262, 976109.4325477346 6340905.372855824, 977239.8562162956 6342823.232298555, 978185.3576861186 6344953.313450091, 978775.1264542327 6347707.126742399, 978768.9391960201 6350502.907662342, 978735.1767483228 6352901.643647367, 978091.3373386862 6355143.150585942, 977447.2941000035 6357385.105945391, 975795.0611535974 6359497.144266325, 974766.5626505755 6361965.485408369, 973374.2360752157 6363962.128928322, 975636.4289555638 6363522.97798953, 977986.4114845716 6362881.49182946, 980675.9367156255 6362535.535701817, 983660.9673691776 6361849.826311005, 986815.5749985769 6361310.65494273, 989549.0128925163 6361599.157489397, 992611.2976285021 6362023.347164211, 994709.559775715 6362355.027760868, 997295.5210263974 6362811.837248886, 1000199.241927535 6363245.840243319, 1000946.98661976 6363904.390804459, 1003740.422965103 6363151.48648793, 1006143.991878061 6362079.552203507, 1008307.019883477 6360798.984175446, 1010677.992626413 6359278.597913131, 1013240.754551443 6357293.753029927, 1015578.781076788 6355324.060446327, 1017692.10899362 6353370.96346167, 1019596.847164736 6351658.269913823, 1022702.094518068 6350984.733268047, 1025742.550211094 6349414.748908512, 1027133.386141461 6346837.313739114, 1028491.439823642 6343812.352208335, 1029196.052233381 6340812.891903796))"
23,Mercantour,Mercantour,930.858037485,207.145695473,"POLYGON ((1029196.052233381 6340812.891903796, 1028491.439823642 6343812.352208335, 1027133.386141461 6346837.313739114, 1025742.550211094 6349414.748908512, 1022702.094518068 6350984.733268047, 1019596.847164736 6351658.269913823, 1017692.10899362 6353370.96346167, 1015578.781076788 6355324.060446327, 1013240.754551443 6357293.753029927, 1010677.992626413 6359278.597913131, 1008307.019883477 6360798.984175446, 1006143.991878061 6362079.552203507, 1003740.422965103 6363151.48648793, 1000946.98661976 6363904.390804459, 1002239.976362867 6365017.295983755, 1003032.579907671 6367196.305141585, 1004449.613694062 6369171.853160828, 1006219.955275124 6369366.046905008, 1008149.116762368 6369548.151696824, 1009704.945256234 6370045.939805547, 1010334.558207698 6370001.976214863, 1012315.204971641 6368561.173375202, 1016180.724409586 6365031.169909781, 1016062.627950037 6362934.313325069, 1019247.970160404 6361608.010982998, 1019811.866498466 6357507.188808889, 1021199.122164664 6356196.472119452, 1022199.692283738 6356387.534900825, 1022790.427278892 6355383.499956982, 1025597.843371651 6356557.921557225, 1031164.907791343 6353412.740309662, 1035260.513433578 6353377.200616231, 1035647.065633611 6351875.308074337, 1036541.76157604 6351368.030051006, 1037629.35572203 6350059.904472096, 1039033.931156171 6350747.073496391, 1041008.294480609 6348032.638907572, 1047502.196858983 6348076.047179157, 1048873.792609853 6344967.259300938, 1051173.922373979 6345247.046763617, 1054568.45651185 6345017.693346101, 1054881.987273498 6346613.307525225, 1065200.504982332 6349920.216675952, 1069492.336842309 6349483.28154314, 1070405.27741947 6351073.679106888, 1070621.634180855 6352969.917603856, 1074515.655503305 6352736.16448319, 1074086.526575096 6349343.361473684, 1073961.385135383 6346447.314940149, 1074955.980639916 6345939.259497236, 1078023.030275194 6342515.911909642, 1076984.94170639 6338029.501457259, 1073872.67226284 6336258.425718128, 1074056.850553955 6334458.647805958, 1074743.859404429 6333054.074885746, 1073876.415735102 6331553.891425535, 1073336.356387141 6331302.541790772, 1070560.294655131 6331272.578269084, 1067411.01333737 6331282.426237387, 1063847.503266046 6331772.239124534, 1060043.409998002 6332054.176790684, 1056272.153999981 6332782.999786699, 1053379.291428556 6333220.904409937, 1050038.502667729 6333691.73670584, 1047161.548893607 6334352.343618091, 1043836.753911567 6335045.441795937, 1040304.103531702 6335978.196227659, 1037186.171382654 6336430.311976567, 1034116.748051526 6337553.293839779, 1031303.237735832 6339107.033261323, 1029196.052233381 6340812.891903796))"
